first_name,last_name,address,date_of_birth
Michael,Baker,"313 Michelle Mall, Lake Danielle, RI 36169",1974-09-22
Seth,York,"764 Carey Mount Apt. 353, Lake Donaldside, ND 42844",1970-06-16
Nicole,Lopez,"40237 Potter Loaf Suite 163, Edwardsburgh, AK 13631",1993-07-11
Maria,Santos,"879 Sanders Extensions, Richardburgh, FM 64885",1985-05-13
Helen,Pearson,"10705 Heather Neck, South Taylorbury, KS 69599",1998-11-14
Kimberly,Harris,"2489 Mary Crossroad Suite 694, Sandersburgh, VI 70796",2003-09-18
Michael,Brown,"98801 Schroeder Station Suite 729, Thompsonton, NC 43748",1980-10-18
Jacqueline,Ramirez,"41206 Lee Curve, Georgeburgh, SD 96363",1998-03-12
Kelly,Torres,"5768 Diaz Route, South Kimberlyland, OR 48508",1977-12-13
Richard,Garza,"05920 Walter Street Apt. 735, North Megan, NM 95052",2004-01-01
Eric,Stevenson,"02509 Alicia Keys, West Darrell, TX 89398",1998-01-21
Sara,Weeks,"52213 Steven Prairie, Jensenville, AS 49274",1967-08-23
Elizabeth,Graham,"2702 Lisa Field Apt. 293, Lake Matthew, IL 54059",1967-06-06
Heather,Johnson,"5562 Jackson Place Apt. 623, Nancymouth, PR 13254",1975-08-31
Louis,Watson,"200 Jennifer Mountain Apt. 176, Robertsontown, MD 29058",1989-07-09
Amanda,Thompson,"996 Rachel Mountain, South Ronald, GU 20208",1979-07-30
Shawn,Shields,"90251 Adkins Throughway, Brandonbury, AK 21078",1993-05-12
James,Rodriguez,"4306 Steven Burg Apt. 930, Stevenchester, IN 43888",1978-06-29
Patrick,Pope,"1856 Robinson Wells Suite 125, Christopherfurt, WV 57592",1965-11-15
Tyrone,Gomez,"8525 Proctor Key, Taylormouth, OK 50263",1997-02-12
Andrea,Price,"7047 Brandon Lane, East Roy, DC 25268",1992-06-02
Jessica,Green,"2347 King Ville Apt. 951, East Williamtown, TN 91000",1966-08-30
Michael,Thompson,"718 Joseph Bypass, South Shelia, OR 92195",1995-09-17
Katie,Quinn,"PSC 9228, Box 1333, APO AE 32427",1988-12-06
Michael,Jackson,"19917 Bailey Stream, Banksville, UT 94182",1982-03-02
Kendra,Ramos,"131 Lisa Road, Nguyenborough, MN 55353",1996-10-13
Justin,Proctor,"81064 Webb Landing, West Julieton, OR 84695",1987-09-21
Jonathan,Blanchard,"8569 Morris Ford, South Larry, TN 99238",1967-02-03
Jeffery,Dunn,"43633 Higgins Inlet, Lake Chris, MI 79212",2003-01-21
Kristi,Nunez,"9256 Kelley Springs, Pattonstad, DE 06371",1989-12-05
Jennifer,Medina,"203 Michael Creek Suite 526, Port Shawnport, GA 52149",1983-02-13
Pamela,Turner,"29098 Rasmussen Forks, Port Jessica, AK 56854",1983-06-23
Arthur,Gordon,"02431 Williams Heights, Timothyfort, NJ 76445",1996-09-12
Joseph,Sanders,"79166 Harrison Centers, Port Jennifer, AR 21596",1989-07-18
Amy,Bright,"01673 Rodriguez Gateway, Jennaborough, NM 97847",1999-02-03
Patrick,Taylor,"7008 Kayla Pines Apt. 770, South Erikaberg, CT 03315",1978-08-15
Ray,Mooney,"72148 Thomas Crossroad Apt. 178, New Deannamouth, NH 38770",1985-08-01
Dana,Brewer,"9858 Rice Extension, Lake Allen, VT 68508",1965-09-14
Amanda,Flores,"406 Sheri Underpass, Thompsonstad, DC 11426",1965-12-27
Jessica,Sullivan,"0821 Natasha Squares Apt. 832, East Ann, SC 83285",2003-03-06
David,Thomas,"2324 Jonathan Key Apt. 109, Melodyton, HI 11784",1997-02-26
Jimmy,Wade,"3510 Hayley Landing, Port Dustin, OK 66592",1988-04-02
Mckenzie,Williams,"8442 Medina Hill Apt. 830, Kellyview, AS 17392",1984-04-26
Mary,Jones,"3404 Donna Track Apt. 863, Port Amanda, CT 55286",1976-02-28
David,Martinez,"514 Jesse Valleys Apt. 790, Sullivanbury, MA 10614",1995-08-04
Michael,Davis,"PSC 0236, Box 3484, APO AP 36063",2007-01-02
David,Garcia,"8664 Alan Groves Suite 595, Port Candiceton, SD 67853",2002-07-21
Jimmy,Hill,"64113 Kennedy Common, Carlsonmouth, LA 42274",1983-05-31
Chad,Hoffman,"813 Malik Views, Carterville, WY 33687",1966-11-09
Wayne,Cox,"Unit 6049 Box 3027, DPO AE 77361",1978-01-01
